title,availability
A Light in the ...,In stock
Tipping the Velvet,In stock
Soumission,In stock
Sharp Objects,In stock
Sapiens: A Brief History ...,In stock
The Requiem Red,In stock
The Dirty Little Secrets ...,In stock
The Coming Woman: A ...,In stock
The Boys in the ...,In stock
The Black Maria,In stock
Starving Hearts (Triangular Trade ...,In stock
Shakespeare's Sonnets,In stock
Set Me Free,In stock
Scott Pilgrim's Precious Little ...,In stock
Rip it Up and ...,In stock
Our Band Could Be ...,In stock
Olio,In stock
Mesaerion: The Best Science ...,In stock
Libertarianism for Beginners,In stock
It's Only the Himalayas,In stock
